datetime,open,high,low,close,volume
2022-08-01 00:00:00+00:00,1765.045044,1775.224980,1758.047974,1771.729250,
2022-08-02 00:00:00+00:00,1772.229980,1788.245000,1759.746580,1759.746580,
2022-08-03 00:00:00+00:00,1760.534910,1772.895020,1754.334960,1764.896000,
2022-08-04 00:00:00+00:00,1765.340450,1795.285030,1763.000000,1790.967040,
2022-08-05 00:00:00+00:00,1791.160030,1795.285030,1764.880000,1774.150020,
2022-08-08 00:00:00+00:00,1773.574950,1790.255000,1770.935060,1788.523930,
2022-08-09 00:00:00+00:00,1789.209960,1800.449950,1782.849980,1794.084595,
2022-08-10 00:00:00+00:00,1794.214970,1807.895020,1787.324950,1792.127810,
2022-08-11 00:00:00+00:00,1792.390010,1799.395020,1783.245000,1789.450440,
2022-08-12 00:00:00+00:00,1790.060059,1802.864990,1784.515010,1801.761230,
2022-08-15 00:00:00+00:00,1802.045044,1802.532470,1772.750000,1779.359010,
2022-08-16 00:00:00+00:00,1779.745000,1783.370000,1771.329960,1775.541750,
2022-08-17 00:00:00+00:00,1775.979860,1782.630000,1759.584960,1761.050049,
2022-08-18 00:00:00+00:00,1761.625000,1772.594970,1755.368290,1758.195560,
2022-08-19 00:00:00+00:00,1759.295040,1759.880000,1745.194950,1747.828980,
2022-08-22 00:00:00+00:00,1747.045044,1749.307500,1727.505000,1735.704960,
2022-08-23 00:00:00+00:00,1736.400020,1754.282100,1730.515010,1747.674560,
2022-08-24 00:00:00+00:00,1748.545040,1755.884400,1742.285030,1750.888180,
2022-08-25 00:00:00+00:00,1751.545040,1765.925050,1749.709960,1758.437380,
2022-08-26 00:00:00+00:00,1758.545040,1759.314940,1733.829960,1736.859990,
2022-08-29 00:00:00+00:00,1736.194950,1745.630000,1720.079956,1737.823730,
2022-08-30 00:00:00+00:00,1738.364990,1740.925050,1720.854980,1723.549800,
2022-08-31 00:00:00+00:00,1723.830080,1726.859990,1709.104980,1710.704960,
