,open,high,low,close,volume
2024-08-01 13:30:00+00:00,5537.839844,5566.160156,5515.899902,5515.899902,0.000000
2024-08-01 14:30:00+00:00,5515.439941,5518.089844,5476.459961,5477.549805,440730141.000000
2024-08-01 15:30:00+00:00,5477.569824,5481.680176,5457.759766,5466.399902,337643000.000000
2024-08-01 16:30:00+00:00,5466.500000,5466.500000,5433.779785,5439.189941,309400000.000000
2024-08-01 17:30:00+00:00,5439.160156,5443.870117,5414.129883,5418.609863,324273000.000000
2024-08-01 18:30:00+00:00,5418.540039,5432.250000,5410.419922,5430.740234,366436000.000000
2024-08-01 19:30:00+00:00,5430.490234,5450.600098,5428.129883,5446.770020,503994000.000000
2024-08-01 20:00:00+00:00,5446.410000,5446.680000,5446.170000,5446.680000,536766000.000000
2024-08-02 13:30:00+00:00,5376.629883,5383.799805,5311.910156,5321.290039,0.000000
2024-08-02 14:30:00+00:00,5321.080078,5329.649902,5302.029785,5310.290039,516558273.000000
2024-08-02 15:30:00+00:00,5309.930176,5347.379883,5308.180176,5343.660156,422433000.000000
2024-08-02 16:30:00+00:00,5343.600098,5350.709961,5321.060059,5321.629883,311165000.000000
2024-08-02 17:30:00+00:00,5321.560059,5332.770020,5311.810059,5332.770020,287757000.000000
2024-08-02 18:30:00+00:00,5332.720215,5340.790039,5322.660156,5338.549805,343491000.000000
2024-08-02 19:30:00+00:00,5338.729980,5347.259766,5321.709961,5345.520020,552812000.000000
2024-08-02 20:00:00+00:00,5345.980000,5346.560000,5345.980000,5346.560000,491410000.000000
2024-08-02 21:00:00+00:00,5346.560000,5346.560000,5346.560000,5346.560000,54682000.000000
2024-08-05 13:30:00+00:00,5151.140137,5223.180176,5119.259766,5163.100098,0.000000
2024-08-05 14:30:00+00:00,5162.709961,5223.810059,5162.399902,5212.740234,484854000.000000
2024-08-05 15:30:00+00:00,5212.839844,5250.890137,5207.129883,5250.740234,364964000.000000
2024-08-05 16:30:00+00:00,5250.759766,5250.759766,5198.310059,5212.080078,322823000.000000
2024-08-05 17:30:00+00:00,5212.060059,5223.799805,5192.779785,5205.270020,270970000.000000
2024-08-05 18:30:00+00:00,5205.000000,5208.080078,5168.229980,5179.229980,385410000.000000
2024-08-05 19:30:00+00:00,5179.450195,5188.410156,5164.299805,5188.410156,525530000.000000
2024-08-05 20:00:00+00:00,5187.360000,5187.360000,5186.330000,5186.330000,513149000.000000
2024-08-06 13:30:00+00:00,5206.419922,5256.959961,5193.560059,5244.330078,0.000000
2024-08-06 14:30:00+00:00,5244.660156,5279.709961,5237.919922,5239.629883,374916460.000000
2024-08-06 15:30:00+00:00,5239.750000,5284.379883,5239.680176,5275.450195,271635000.000000
2024-08-06 16:30:00+00:00,5275.419922,5296.669922,5270.899902,5293.259766,257691000.000000
2024-08-06 17:30:00+00:00,5293.450195,5303.839844,5285.069824,5303.839844,248958000.000000
2024-08-06 18:30:00+00:00,5303.850098,5312.339844,5266.310059,5282.069824,344710000.000000
2024-08-06 19:30:00+00:00,5282.459961,5285.020020,5237.310059,5237.310059,446862000.000000
2024-08-06 20:00:00+00:00,5237.990000,5240.030000,5237.990000,5240.030000,509263000.000000
2024-08-06 21:00:00+00:00,5240.030000,5240.030000,5240.030000,5240.030000,59322000.000000
2024-08-07 13:30:00+00:00,5293.129883,5330.640137,5293.129883,5302.479980,0.000000
2024-08-07 14:30:00+00:00,5302.660156,5326.049805,5300.220215,5311.270020,320821117.000000
2024-08-07 15:30:00+00:00,5310.930176,5314.600098,5273.930176,5291.770020,270695289.000000
2024-08-07 16:30:00+00:00,5291.770020,5292.839844,5238.520020,5251.410156,240859000.000000
2024-08-07 17:30:00+00:00,5251.500000,5263.959961,5209.649902,5222.129883,279829000.000000
2024-08-07 18:30:00+00:00,5221.569824,5234.950195,5203.910156,5225.620117,303720000.000000
2024-08-07 19:30:00+00:00,5225.540039,5231.890137,5195.540039,5201.209961,451481000.000000
2024-08-07 20:00:00+00:00,5199.670000,5200.180000,5199.500000,5199.500000,494895000.000000
2024-08-08 13:30:00+00:00,5252.569824,5294.569824,5233.850098,5293.319824,0.000000
2024-08-08 14:30:00+00:00,5293.620117,5299.419922,5280.140137,5294.390137,317056743.000000
2024-08-08 15:30:00+00:00,5294.149902,5305.379883,5284.569824,5299.589844,252246843.000000
2024-08-08 16:30:00+00:00,5299.540039,5314.220215,5282.410156,5314.220215,223342000.000000
2024-08-08 17:30:00+00:00,5314.229980,5328.029785,5312.979980,5318.740234,232414000.000000
2024-08-08 18:30:00+00:00,5318.689941,5324.129883,5306.250000,5308.419922,264020000.000000
2024-08-08 19:30:00+00:00,5308.290039,5324.069824,5297.569824,5318.589844,411857000.000000
2024-08-08 20:00:00+00:00,5320.820000,5320.820000,5319.270000,5319.310000,454347000.000000
2024-08-09 13:30:00+00:00,5314.660156,5331.779785,5300.839844,5321.189941,0.000000
2024-08-09 14:30:00+00:00,5321.160156,5340.430176,5309.279785,5324.049805,266357155.000000
2024-08-09 15:30:00+00:00,5323.609863,5332.609863,5312.879883,5317.439941,193778755.000000
2024-08-09 16:30:00+00:00,5317.430176,5354.709961,5317.209961,5354.709961,189685604.000000
2024-08-09 17:30:00+00:00,5354.950195,5358.669922,5332.319824,5335.490234,187324000.000000
2024-08-09 18:30:00+00:00,5335.470215,5345.979980,5330.240234,5342.200195,201097000.000000
2024-08-09 19:30:00+00:00,5342.140137,5348.029785,5335.790039,5343.970215,323068000.000000
2024-08-09 20:00:00+00:00,5344.420000,5344.420000,5344.160000,5344.160000,351541000.000000
2024-08-12 13:30:00+00:00,5351.879883,5361.620117,5324.370117,5355.399902,0.000000
2024-08-12 14:30:00+00:00,5355.859863,5371.200195,5333.669922,5342.580078,279481284.000000
2024-08-12 15:30:00+00:00,5342.689941,5364.779785,5336.240234,5354.899902,219644589.000000
2024-08-12 16:30:00+00:00,5354.910156,5359.330078,5336.080078,5348.180176,190204743.000000
2024-08-12 17:30:00+00:00,5348.200195,5352.299805,5332.990234,5341.009766,174941000.000000
2024-08-12 18:30:00+00:00,5340.959961,5346.209961,5338.430176,5340.479980,198762000.000000
2024-08-12 19:30:00+00:00,5340.540039,5345.580078,5331.700195,5345.020020,318019000.000000
2024-08-12 20:00:00+00:00,5345.790000,5345.790000,5344.380000,5344.390000,405608000.000000
2024-08-13 13:30:00+00:00,5376.979980,5399.080078,5376.979980,5388.109863,0.000000
2024-08-13 14:30:00+00:00,5388.330078,5404.060059,5378.430176,5401.930176,302158178.000000
2024-08-13 15:30:00+00:00,5401.950195,5415.740234,5400.069824,5411.350098,236083528.000000
2024-08-13 16:30:00+00:00,5411.330078,5425.180176,5407.830078,5421.850098,211931000.000000
2024-08-13 17:30:00+00:00,5421.890137,5424.509766,5409.700195,5423.379883,211324000.000000
2024-08-13 18:30:00+00:00,5423.430176,5430.750000,5420.410156,5426.330078,239891000.000000
2024-08-13 19:30:00+00:00,5426.339844,5436.500000,5423.669922,5434.160156,375180000.000000
2024-08-13 20:00:00+00:00,5434.550000,5434.550000,5434.270000,5434.430000,422128000.000000
2024-08-14 13:30:00+00:00,5442.359863,5448.310059,5422.560059,5432.970215,0.000000
2024-08-14 14:30:00+00:00,5433.000000,5446.029785,5415.910156,5446.029785,280104201.000000
2024-08-14 15:30:00+00:00,5445.979980,5463.220215,5436.160156,5440.500000,237980536.000000
2024-08-14 16:30:00+00:00,5440.459961,5448.839844,5432.720215,5445.660156,190654000.000000
2024-08-14 17:30:00+00:00,5445.770020,5449.560059,5441.229980,5447.850098,168399000.000000
2024-08-14 18:30:00+00:00,5447.819824,5457.109863,5443.140137,5445.299805,206620000.000000
2024-08-14 19:30:00+00:00,5445.430176,5460.649902,5442.089844,5453.259766,333406000.000000
2024-08-14 20:00:00+00:00,5453.070000,5455.210000,5453.070000,5455.210000,374059000.000000
2024-08-15 13:30:00+00:00,5501.129883,5519.529785,5501.129883,5517.399902,0.000000
2024-08-15 14:30:00+00:00,5517.270020,5531.740234,5516.569824,5527.069824,308589975.000000
2024-08-15 15:30:00+00:00,5527.100098,5539.899902,5525.890137,5538.600098,233944205.000000
2024-08-15 16:30:00+00:00,5538.709961,5538.930176,5526.259766,5533.589844,216468000.000000
2024-08-15 17:30:00+00:00,5533.500000,5542.359863,5533.450195,5541.339844,218117000.000000
2024-08-15 18:30:00+00:00,5541.370117,5544.410156,5538.149902,5543.879883,249191000.000000
2024-08-15 19:30:00+00:00,5543.839844,5546.229980,5532.529785,5542.879883,386914000.000000
2024-08-15 20:00:00+00:00,5543.620000,5543.620000,5543.200000,5543.220000,478462000.000000
2024-08-16 13:30:00+00:00,5530.500000,5548.540039,5525.169922,5542.450195,0.000000
2024-08-16 14:30:00+00:00,5542.529785,5544.419922,5529.060059,5538.930176,283882378.000000
2024-08-16 15:30:00+00:00,5538.979980,5553.609863,5536.859863,5551.430176,198623463.000000
2024-08-16 16:30:00+00:00,5551.430176,5561.979980,5550.520020,5558.189941,178312056.000000
2024-08-16 17:30:00+00:00,5558.250000,5560.589844,5550.939941,5555.080078,166445000.000000
2024-08-16 18:30:00+00:00,5555.109863,5559.060059,5551.669922,5553.419922,184581000.000000
2024-08-16 19:30:00+00:00,5553.500000,5556.560059,5548.330078,5554.220215,315972000.000000
2024-08-16 20:00:00+00:00,5554.560000,5554.560000,5554.250000,5554.250000,441515000.000000
2024-08-19 13:30:00+00:00,5557.229980,5568.399902,5550.740234,5565.569824,0.000000
2024-08-19 14:30:00+00:00,5565.620117,5579.319824,5564.549805,5576.549805,234139662.000000
2024-08-19 15:30:00+00:00,5576.520020,5581.439941,5570.649902,5579.950195,191330822.000000
2024-08-19 16:30:00+00:00,5579.919922,5586.209961,5576.879883,5583.229980,160891632.000000
2024-08-19 17:30:00+00:00,5583.259766,5589.279785,5581.330078,5588.919922,173174458.000000
2024-08-19 18:30:00+00:00,5589.020020,5596.390137,5588.720215,5594.100098,215258000.000000
2024-08-19 19:30:00+00:00,5594.109863,5607.850098,5591.640137,5607.520020,315461000.000000
2024-08-19 20:00:00+00:00,5608.300000,5608.300000,5608.060000,5608.250000,374764000.000000
2024-08-19 21:00:00+00:00,5608.250000,5608.250000,5608.250000,5608.250000,21231000.000000
2024-08-20 13:30:00+00:00,5602.879883,5620.509766,5599.089844,5602.520020,0.000000
2024-08-20 14:30:00+00:00,5602.490234,5603.799805,5590.729980,5591.290039,278397406.000000
2024-08-20 15:30:00+00:00,5591.229980,5605.899902,5590.529785,5597.529785,192791280.000000
2024-08-20 16:30:00+00:00,5597.490234,5598.939941,5585.500000,5593.270020,159143555.000000
2024-08-20 17:30:00+00:00,5593.310059,5608.560059,5588.990234,5605.250000,162869000.000000
2024-08-20 18:30:00+00:00,5605.330078,5606.669922,5598.390137,5598.479980,185673000.000000
2024-08-20 19:30:00+00:00,5598.410156,5603.509766,5595.950195,5596.410156,294366000.000000
2024-08-20 20:00:00+00:00,5597.280000,5597.280000,5597.090000,5597.120000,378911000.000000
2024-08-21 13:30:00+00:00,5603.089844,5619.359863,5602.759766,5613.240234,0.000000
2024-08-21 14:30:00+00:00,5613.279785,5632.680176,5597.330078,5611.120117,251731388.000000
2024-08-21 15:30:00+00:00,5611.189941,5612.939941,5591.569824,5605.459961,177502402.000000
2024-08-21 16:30:00+00:00,5605.509766,5614.709961,5604.950195,5611.350098,136721668.000000
2024-08-21 17:30:00+00:00,5611.419922,5623.770020,5610.350098,5623.680176,166240642.000000
2024-08-21 18:30:00+00:00,5623.790039,5628.129883,5604.609863,5612.399902,212682000.000000
2024-08-21 19:30:00+00:00,5612.410156,5621.500000,5609.169922,5620.419922,303387000.000000
2024-08-21 20:00:00+00:00,5619.660000,5620.850000,5619.660000,5620.850000,373014000.000000
2024-08-22 13:30:00+00:00,5637.770020,5643.220215,5617.180176,5622.140137,0.000000
2024-08-22 14:30:00+00:00,5622.040039,5623.240234,5601.549805,5602.240234,228666938.000000
2024-08-22 15:30:00+00:00,5602.450195,5609.700195,5581.879883,5608.160156,234323456.000000
2024-08-22 16:30:00+00:00,5608.109863,5611.359863,5580.919922,5586.350098,175255376.000000
2024-08-22 17:30:00+00:00,5586.330078,5586.879883,5563.540039,5581.200195,199458000.000000
2024-08-22 18:30:00+00:00,5581.220215,5583.430176,5566.669922,5568.410156,203887000.000000
2024-08-22 19:30:00+00:00,5568.350098,5575.169922,5560.950195,5573.359863,352338000.000000
2024-08-22 20:00:00+00:00,5572.190000,5572.190000,5570.640000,5570.640000,405885000.000000
2024-08-23 13:30:00+00:00,5602.490234,5641.819824,5599.950195,5638.439941,0.000000
2024-08-23 14:30:00+00:00,5638.490234,5639.709961,5595.410156,5628.319824,305491044.000000
2024-08-23 15:30:00+00:00,5628.330078,5635.870117,5592.359863,5597.020020,218674489.000000
2024-08-23 16:30:00+00:00,5597.069824,5615.250000,5585.160156,5614.390137,166295701.000000
2024-08-23 17:30:00+00:00,5614.290039,5620.790039,5613.160156,5619.549805,150358000.000000
2024-08-23 18:30:00+00:00,5619.560059,5633.450195,5613.540039,5633.060059,186241000.000000
2024-08-23 19:30:00+00:00,5632.939941,5637.560059,5619.140137,5633.310059,319046000.000000
2024-08-23 20:00:00+00:00,5633.430000,5634.610000,5633.430000,5634.610000,449334000.000000
2024-08-26 13:30:00+00:00,5639.660156,5651.620117,5626.379883,5629.700195,0.000000
2024-08-26 14:30:00+00:00,5629.919922,5630.169922,5612.910156,5618.029785,264950573.000000
2024-08-26 15:30:00+00:00,5617.839844,5622.930176,5608.439941,5622.540039,187665782.000000
2024-08-26 16:30:00+00:00,5622.540039,5627.560059,5619.970215,5620.439941,159563529.000000
2024-08-26 17:30:00+00:00,5620.620117,5621.609863,5602.339844,5613.589844,166676000.000000
2024-08-26 18:30:00+00:00,5613.569824,5619.899902,5611.919922,5615.560059,174010000.000000
2024-08-26 19:30:00+00:00,5615.520020,5618.189941,5609.379883,5618.189941,287424000.000000
2024-08-26 20:00:00+00:00,5617.690000,5617.690000,5616.840000,5616.840000,367419000.000000
2024-08-27 13:30:00+00:00,5602.890137,5622.149902,5593.479980,5621.399902,0.000000
2024-08-27 14:30:00+00:00,5621.419922,5631.180176,5618.779785,5620.009766,230923173.000000
2024-08-27 15:30:00+00:00,5618.830078,5622.270020,5609.709961,5618.509766,179841847.000000
2024-08-27 16:30:00+00:00,5618.560059,5628.790039,5610.100098,5628.419922,154465500.000000
2024-08-27 17:30:00+00:00,5628.430176,5631.009766,5624.830078,5628.040039,165013245.000000
2024-08-27 18:30:00+00:00,5627.950195,5629.259766,5622.479980,5625.810059,170438000.000000
2024-08-27 19:30:00+00:00,5625.890137,5628.759766,5622.509766,5626.390137,304068000.000000
2024-08-27 20:00:00+00:00,5626.490000,5626.490000,5625.800000,5625.800000,379435000.000000
2024-08-28 13:30:00+00:00,5624.509766,5627.029785,5615.270020,5621.879883,0.000000
2024-08-28 14:30:00+00:00,5621.799805,5623.419922,5587.439941,5592.930176,294947811.000000
2024-08-28 15:30:00+00:00,5593.080078,5596.810059,5580.520020,5585.720215,203329104.000000
2024-08-28 16:30:00+00:00,5585.680176,5598.640137,5584.279785,5589.770020,156781714.000000
2024-08-28 17:30:00+00:00,5589.779785,5592.970215,5560.950195,5567.509766,177415000.000000
2024-08-28 18:30:00+00:00,5567.490234,5597.299805,5565.919922,5595.779785,214735000.000000
2024-08-28 19:30:00+00:00,5595.759766,5603.629883,5591.229980,5592.180176,315978000.000000
2024-08-28 20:00:00+00:00,5592.500000,5592.500000,5592.180000,5592.180000,409890000.000000
2024-08-29 13:30:00+00:00,5607.299805,5629.600098,5604.529785,5626.540039,0.000000
2024-08-29 14:30:00+00:00,5626.549805,5641.580078,5625.839844,5630.870117,256404780.000000
2024-08-29 15:30:00+00:00,5630.919922,5645.870117,5629.910156,5643.359863,199900451.000000
2024-08-29 16:30:00+00:00,5643.359863,5646.950195,5632.709961,5635.060059,168348068.000000
2024-08-29 17:30:00+00:00,5635.080078,5638.910156,5614.899902,5616.229980,199376000.000000
2024-08-29 18:30:00+00:00,5616.149902,5616.149902,5583.709961,5601.319824,275400000.000000
2024-08-29 19:30:00+00:00,5601.290039,5609.189941,5587.419922,5592.560059,335074000.000000
2024-08-29 20:00:00+00:00,5592.550000,5592.550000,5591.960000,5591.960000,354454000.000000
2024-08-30 13:30:00+00:00,5619.089844,5632.290039,5614.529785,5622.569824,0.000000
2024-08-30 14:30:00+00:00,5622.529785,5631.120117,5600.379883,5600.939941,261811536.000000
2024-08-30 15:30:00+00:00,5601.029785,5605.919922,5590.680176,5591.189941,194563532.000000
2024-08-30 16:30:00+00:00,5591.149902,5606.810059,5581.790039,5599.009766,153242983.000000
2024-08-30 17:30:00+00:00,5598.930176,5609.720215,5596.250000,5606.209961,154798000.000000
2024-08-30 18:30:00+00:00,5606.270020,5628.390137,5606.129883,5627.370117,207082000.000000
2024-08-30 19:30:00+00:00,5627.399902,5651.370117,5622.040039,5646.959961,412371000.000000
2024-08-30 20:00:00+00:00,5647.600000,5648.400000,5647.600000,5648.400000,950646000.000000
