bar_open,run_utc,old_open,old_high,old_low,old_close,new_open,new_high,new_low,new_close,kind
2026-10-01 01:44:56+00:00,2026-10-03T10:38:11Z,1.133530,1.133530,1.133530,1.133530,,,,,removed
2026-10-01 01:59:56+00:00,2026-10-03T10:38:11Z,1.133144,1.133144,1.133144,1.133144,,,,,removed
2026-10-01 02:20:57+00:00,2026-10-03T10:38:11Z,1.132759,1.132759,1.132759,1.132759,,,,,removed
2026-10-01 02:44:57+00:00,2026-10-03T10:38:11Z,1.132888,1.132888,1.132888,1.132888,,,,,removed
2026-10-01 03:00:58+00:00,2026-10-03T10:38:11Z,1.132888,1.132888,1.132888,1.132888,,,,,removed
2026-10-01 03:22:58+00:00,2026-10-03T10:38:11Z,1.132631,1.132631,1.132631,1.132631,,,,,removed
2026-10-01 03:45:58+00:00,2026-10-03T10:38:11Z,1.132888,1.132888,1.132888,1.132888,,,,,removed
2026-10-01 04:15:59+00:00,2026-10-03T10:38:11Z,1.132759,1.132759,1.132759,1.132759,,,,,removed
2026-10-01 05:45:56+00:00,2026-10-03T10:38:11Z,1.132375,1.132375,1.132375,1.132375,,,,,removed
2026-10-01 06:01:56+00:00,2026-10-03T10:38:11Z,1.132759,1.132759,1.132759,1.132759,,,,,removed
2026-10-01 06:38:57+00:00,2026-10-03T10:38:11Z,1.132118,1.132118,1.132118,1.132118,,,,,removed
2026-10-01 07:01:57+00:00,2026-10-03T10:38:11Z,1.131734,1.131734,1.131734,1.131734,,,,,removed
2026-10-01 07:33:58+00:00,2026-10-03T10:38:11Z,1.130966,1.130966,1.130966,1.130966,,,,,removed
2026-10-01 07:57:59+00:00,2026-10-03T10:38:11Z,1.131222,1.131222,1.131222,1.131222,,,,,removed
2026-10-01 08:22:59+00:00,2026-10-03T10:38:11Z,1.130199,1.130199,1.130199,1.130199,,,,,removed
2026-10-01 09:46:56+00:00,2026-10-03T10:38:11Z,1.129305,1.129305,1.129305,1.129305,,,,,removed
2026-10-01 10:16:56+00:00,2026-10-03T10:38:11Z,1.128032,1.128032,1.128032,1.128032,,,,,removed
2026-10-01 10:45:57+00:00,2026-10-03T10:38:11Z,1.129433,1.129433,1.129433,1.129433,,,,,removed
2026-10-01 11:00:57+00:00,2026-10-03T10:38:11Z,1.129561,1.129561,1.129561,1.129561,,,,,removed
2026-10-01 11:22:58+00:00,2026-10-03T10:38:11Z,1.128668,1.128668,1.128668,1.128668,,,,,removed
2026-10-01 11:45:58+00:00,2026-10-03T10:38:11Z,1.130199,1.130199,1.130199,1.130199,,,,,removed
2026-10-01 12:01:59+00:00,2026-10-03T10:38:11Z,1.130838,1.130838,1.130838,1.130838,,,,,removed
2026-10-01 12:38:59+00:00,2026-10-03T10:38:11Z,1.129561,1.129561,1.129561,1.129561,,,,,removed
2026-10-01 13:59:56+00:00,2026-10-03T10:38:11Z,1.129943,1.129943,1.129943,1.129943,,,,,removed
2026-10-01 14:24:57+00:00,2026-10-03T10:38:11Z,1.128923,1.128923,1.128923,1.128923,,,,,removed
2026-10-01 14:47:57+00:00,2026-10-03T10:38:11Z,1.127269,1.127269,1.127269,1.127269,,,,,removed
2026-10-01 15:15:58+00:00,2026-10-03T10:38:11Z,1.125873,1.125873,1.125873,1.125873,,,,,removed
2026-10-01 15:36:58+00:00,2026-10-03T10:38:11Z,1.124227,1.124227,1.124227,1.124227,,,,,removed
2026-10-01 15:58:59+00:00,2026-10-03T10:38:11Z,1.123469,1.123469,1.123469,1.123469,,,,,removed
2026-10-01 16:20:59+00:00,2026-10-03T10:38:11Z,1.124101,1.124101,1.124101,1.124101,,,,,removed
2026-10-01 17:31:56+00:00,2026-10-03T10:38:11Z,1.123848,1.123848,1.123848,1.123848,,,,,removed
2026-10-01 17:58:56+00:00,2026-10-03T10:38:11Z,1.122712,1.122712,1.122712,1.122712,,,,,removed
2026-10-01 18:23:57+00:00,2026-10-03T10:38:11Z,1.123595,1.123595,1.123595,1.123595,,,,,removed
2026-10-01 18:48:57+00:00,2026-10-03T10:38:11Z,1.124101,1.124101,1.124101,1.124101,,,,,removed
2026-10-01 19:15:58+00:00,2026-10-03T10:38:11Z,1.124354,1.124354,1.124354,1.124354,,,,,removed
2026-10-01 19:34:58+00:00,2026-10-03T10:38:11Z,1.124480,1.124480,1.124480,1.124480,,,,,removed
2026-10-01 19:55:59+00:00,2026-10-03T10:38:11Z,1.124606,1.124606,1.124606,1.124606,,,,,removed
2026-10-01 20:15:59+00:00,2026-10-03T10:38:11Z,1.124733,1.124733,1.124733,1.124733,,,,,removed
2026-10-01 20:37:59+00:00,2026-10-03T10:38:11Z,1.124733,1.124733,1.124733,1.124733,,,,,removed
2026-10-01 21:45:56+00:00,2026-10-03T10:38:11Z,1.124859,1.124859,1.124859,1.124859,,,,,removed
2026-10-01 21:59:56+00:00,2026-10-03T10:38:11Z,1.124480,1.124480,1.124480,1.124480,,,,,removed
2026-10-01 22:18:56+00:00,2026-10-03T10:38:11Z,1.124606,1.124606,1.124606,1.124606,,,,,removed
2026-10-01 22:44:57+00:00,2026-10-03T10:38:11Z,1.124606,1.124606,1.124606,1.124606,,,,,removed
2026-10-01 23:15:57+00:00,2026-10-03T10:38:11Z,1.124859,1.124859,1.124859,1.124859,,,,,removed
2026-10-01 23:42:58+00:00,2026-10-03T10:38:11Z,1.124859,1.124859,1.124859,1.124859,,,,,removed
2026-10-01 23:56:58+00:00,2026-10-03T10:38:11Z,1.124986,1.124986,1.124986,1.124986,,,,,removed
2026-10-02 00:21:58+00:00,2026-10-03T10:38:11Z,1.124354,1.124354,1.124354,1.124354,,,,,removed
2026-10-02 00:49:59+00:00,2026-10-03T10:38:11Z,1.123974,1.123974,1.123974,1.123974,,,,,removed
2026-10-02 01:14:59+00:00,2026-10-03T10:38:11Z,1.123722,1.123722,1.123722,1.123722,,,,,removed
2026-10-02 02:18:01+00:00,2026-10-03T10:38:11Z,1.124480,1.124480,1.124480,1.124480,,,,,removed
2026-10-02 02:43:56+00:00,2026-10-03T10:38:11Z,1.124606,1.124606,1.124606,1.124606,,,,,removed
2026-10-02 02:59:56+00:00,2026-10-03T10:38:11Z,1.124733,1.124733,1.124733,1.124733,,,,,removed
2026-10-02 03:20:57+00:00,2026-10-03T10:38:11Z,1.124986,1.124986,1.124986,1.124986,,,,,removed
2026-10-02 03:46:05+00:00,2026-10-03T10:38:11Z,1.125492,1.125492,1.125492,1.125492,,,,,removed
2026-10-02 04:15:06+00:00,2026-10-03T10:38:11Z,1.125492,1.125492,1.125492,1.125492,,,,,removed
2026-10-02 04:37:07+00:00,2026-10-03T10:38:11Z,1.125619,1.125619,1.125619,1.125619,,,,,removed
2026-10-02 04:58:07+00:00,2026-10-03T10:38:11Z,1.125492,1.125492,1.125492,1.125492,,,,,removed
2026-10-02 05:18:07+00:00,2026-10-03T10:38:11Z,1.125492,1.125492,1.125492,1.125492,,,,,removed
2026-10-02 05:45:08+00:00,2026-10-03T10:38:11Z,1.125366,1.125366,1.125366,1.125366,,,,,removed
2026-10-02 06:00:08+00:00,2026-10-03T10:38:11Z,1.124986,1.124986,1.124986,1.124986,,,,,removed
2026-10-02 06:27:04+00:00,2026-10-03T10:38:11Z,1.126126,1.126126,1.126126,1.126126,,,,,removed
2026-10-02 06:51:04+00:00,2026-10-03T10:38:11Z,1.126253,1.126253,1.126253,1.126253,,,,,removed
2026-10-02 07:16:05+00:00,2026-10-03T10:38:11Z,1.126888,1.126888,1.126888,1.126888,,,,,removed
2026-10-02 07:46:06+00:00,2026-10-03T10:38:11Z,1.125999,1.125999,1.125999,1.125999,,,,,removed
2026-10-02 08:01:06+00:00,2026-10-03T10:38:11Z,1.126253,1.126253,1.126253,1.126253,,,,,removed
2026-10-02 08:25:07+00:00,2026-10-03T10:38:11Z,1.125746,1.125746,1.125746,1.125746,,,,,removed
2026-10-02 08:45:07+00:00,2026-10-03T10:38:11Z,1.125113,1.125113,1.125113,1.125113,,,,,removed
2026-10-02 09:00:08+00:00,2026-10-03T10:38:11Z,1.125492,1.125492,1.125492,1.125492,,,,,removed
2026-10-02 09:23:08+00:00,2026-10-03T10:38:11Z,1.125492,1.125492,1.125492,1.125492,,,,,removed
2026-10-02 09:46:04+00:00,2026-10-03T10:38:11Z,1.125239,1.125239,1.125239,1.125239,,,,,removed
2026-10-02 10:00:04+00:00,2026-10-03T10:38:11Z,1.125366,1.125366,1.125366,1.125366,,,,,removed
2026-10-02 10:22:05+00:00,2026-10-03T10:38:11Z,1.123343,1.123343,1.123343,1.123343,,,,,removed
2026-10-02 10:45:05+00:00,2026-10-03T10:38:11Z,1.123722,1.123722,1.123722,1.123722,,,,,removed
2026-10-02 11:00:05+00:00,2026-10-03T10:38:11Z,1.123848,1.123848,1.123848,1.123848,,,,,removed
2026-10-02 11:21:06+00:00,2026-10-03T10:38:11Z,1.124227,1.124227,1.124227,1.124227,,,,,removed
2026-10-02 11:46:07+00:00,2026-10-03T10:38:11Z,1.124101,1.124101,1.124101,1.124101,,,,,removed
2026-10-02 12:00:07+00:00,2026-10-03T10:38:11Z,1.123722,1.123722,1.123722,1.123722,,,,,removed
2026-10-02 12:26:08+00:00,2026-10-03T10:38:11Z,1.123217,1.123217,1.123217,1.123217,,,,,removed
2026-10-02 12:51:08+00:00,2026-10-03T10:38:11Z,1.125366,1.125366,1.125366,1.125366,,,,,removed
2026-10-02 13:17:04+00:00,2026-10-03T10:38:11Z,1.124986,1.124986,1.124986,1.124986,,,,,removed
2026-10-02 13:47:05+00:00,2026-10-03T10:38:11Z,1.126253,1.126253,1.126253,1.126253,,,,,removed
2026-10-02 14:17:06+00:00,2026-10-03T10:38:11Z,1.128541,1.128541,1.128541,1.128541,,,,,removed
2026-10-02 14:48:06+00:00,2026-10-03T10:38:11Z,1.128413,1.128413,1.128413,1.128413,,,,,removed
2026-10-02 15:17:07+00:00,2026-10-03T10:38:11Z,1.126761,1.126761,1.126761,1.126761,,,,,removed
2026-10-02 15:48:08+00:00,2026-10-03T10:38:11Z,1.125873,1.125873,1.125873,1.125873,,,,,removed
2026-10-02 16:15:04+00:00,2026-10-03T10:38:11Z,1.125873,1.125873,1.125873,1.125873,,,,,removed
2026-10-02 16:37:04+00:00,2026-10-03T10:38:11Z,1.125619,1.125619,1.125619,1.125619,,,,,removed
2026-10-02 16:58:04+00:00,2026-10-03T10:38:11Z,1.125999,1.125999,1.125999,1.125999,,,,,removed
2026-10-02 17:20:05+00:00,2026-10-03T10:38:11Z,1.125999,1.125999,1.125999,1.125999,,,,,removed
2026-10-02 17:44:06+00:00,2026-10-03T10:38:11Z,1.125873,1.125873,1.125873,1.125873,,,,,removed
2026-10-02 17:59:06+00:00,2026-10-03T10:38:11Z,1.125746,1.125746,1.125746,1.125746,,,,,removed
2026-10-02 18:25:06+00:00,2026-10-03T10:38:11Z,1.125366,1.125366,1.125366,1.125366,,,,,removed
2026-10-02 18:48:07+00:00,2026-10-03T10:38:11Z,1.125366,1.125366,1.125366,1.125366,,,,,removed
2026-10-02 19:15:07+00:00,2026-10-03T10:38:11Z,1.125873,1.125873,1.125873,1.125873,,,,,removed
2026-10-02 19:35:08+00:00,2026-10-03T10:38:11Z,1.126253,1.126253,1.126253,1.126253,,,,,removed
2026-10-02 19:57:08+00:00,2026-10-03T10:38:11Z,1.125873,1.125873,1.125873,1.125873,,,,,removed
2026-10-02 20:17:04+00:00,2026-10-03T10:38:11Z,1.125746,1.125746,1.125746,1.125746,,,,,removed
2026-10-02 20:45:04+00:00,2026-10-03T10:38:11Z,1.125492,1.125492,1.125492,1.125492,,,,,removed
2026-10-02 21:00:05+00:00,2026-10-03T10:38:11Z,1.125619,1.125619,1.125619,1.125619,,,,,removed
2026-10-02 21:21:05+00:00,2026-10-03T10:38:11Z,1.125746,1.125746,1.125746,1.125746,,,,,removed
2026-10-02 21:29:05+00:00,2026-10-03T10:38:11Z,1.125746,1.125746,1.125746,1.125746,,,,,removed
2026-10-05 21:00:00+00:00,2026-10-05T23:08:45Z,1.123469,1.123469,1.122208,1.122334,1.123469,1.123469,1.122460,1.122586,changed
2026-10-05 20:00:00+00:00,2026-10-05T23:26:22Z,1.122334,1.122712,1.122083,1.122712,1.122334,1.122334,1.122083,1.122208,changed
2026-10-05 20:00:00+00:00,2026-10-05T23:39:07Z,1.122334,1.122334,1.122083,1.122208,1.122334,1.122712,1.122083,1.122712,changed
2026-10-05 20:00:00+00:00,2026-10-06T00:12:29Z,1.122334,1.122712,1.122083,1.122712,1.122334,1.122334,1.122083,1.122208,changed
2026-10-05 20:00:00+00:00,2026-10-06T00:39:38Z,1.122334,1.122334,1.122083,1.122208,1.122334,1.122712,1.122083,1.122712,changed
2026-10-05 20:00:00+00:00,2026-10-06T01:01:45Z,1.122334,1.122712,1.122083,1.122712,1.122334,1.122334,1.122083,1.122208,changed
2026-10-05 20:00:00+00:00,2026-10-06T01:14:04Z,1.122334,1.122334,1.122083,1.122208,1.122334,1.122712,1.122083,1.122712,changed
2026-10-05 21:00:00+00:00,2026-10-06T02:29:01Z,1.123469,1.123469,1.122460,1.122586,1.123469,1.123469,1.122208,1.122334,changed
2026-10-05 22:00:00+00:00,2026-10-06T02:29:01Z,1.122712,1.122712,1.122334,1.122460,1.122712,1.122712,1.122334,1.122334,changed
2026-10-01 23:00:00+00:00,2026-10-06T21:42:32Z,1.124859,1.125113,1.124606,1.125113,1.124733,1.125113,1.124606,1.125113,changed
2026-10-01 23:00:00+00:00,2026-10-07T01:44:05Z,1.124733,1.125113,1.124606,1.125113,1.124859,1.125113,1.124606,1.125113,changed
2026-10-06 21:00:00+00:00,2026-10-07T01:44:05Z,1.126888,1.126888,1.125746,1.126126,1.126888,1.126888,1.125746,1.126634,changed
2026-10-01 23:00:00+00:00,2026-10-07T01:57:02Z,1.124859,1.125113,1.124606,1.125113,1.124733,1.125113,1.124606,1.125113,changed
2026-10-06 21:00:00+00:00,2026-10-07T01:57:02Z,1.126888,1.126888,1.125746,1.126634,1.126888,1.126888,1.125746,1.126126,changed
2026-10-01 23:00:00+00:00,2026-10-07T02:10:27Z,1.124733,1.125113,1.124606,1.125113,1.124859,1.125113,1.124606,1.125113,changed
2026-10-06 21:00:00+00:00,2026-10-07T02:10:27Z,1.126888,1.126888,1.125746,1.126126,1.126888,1.126888,1.125746,1.126634,changed
2026-10-01 23:00:00+00:00,2026-10-07T02:45:08Z,1.124859,1.125113,1.124606,1.125113,1.124733,1.125113,1.124606,1.125113,changed
2026-10-06 21:00:00+00:00,2026-10-07T02:45:08Z,1.126888,1.126888,1.125746,1.126634,1.126888,1.126888,1.125746,1.126126,changed
2026-10-01 23:00:00+00:00,2026-10-07T02:57:54Z,1.124733,1.125113,1.124606,1.125113,1.124859,1.125113,1.124606,1.125113,changed
2026-10-06 21:00:00+00:00,2026-10-07T02:57:54Z,1.126888,1.126888,1.125746,1.126126,1.126888,1.126888,1.125746,1.126634,changed
2026-10-01 23:00:00+00:00,2026-10-07T03:10:59Z,1.124859,1.125113,1.124606,1.125113,1.124733,1.125113,1.124606,1.125113,changed
2026-10-06 21:00:00+00:00,2026-10-07T03:10:59Z,1.126888,1.126888,1.125746,1.126634,1.126888,1.126888,1.125746,1.126126,changed
2026-10-06 22:00:00+00:00,2026-10-07T03:31:13Z,1.126507,1.126507,1.126253,1.126380,1.126507,1.126507,1.126126,1.126126,changed
2026-10-01 23:00:00+00:00,2026-10-07T04:31:55Z,1.124733,1.125113,1.124606,1.125113,1.124859,1.125113,1.124606,1.125113,changed
2026-10-01 23:00:00+00:00,2026-10-07T04:49:36Z,1.124859,1.125113,1.124606,1.125113,1.124733,1.125113,1.124606,1.125113,changed
2026-10-01 23:00:00+00:00,2026-10-07T07:01:42Z,1.124733,1.125113,1.124606,1.125113,1.124859,1.125113,1.124606,1.125113,changed
2026-10-01 23:00:00+00:00,2026-10-07T07:35:12Z,1.124859,1.125113,1.124606,1.125113,1.124733,1.125113,1.124606,1.125113,changed
2026-10-01 23:00:00+00:00,2026-10-07T07:57:36Z,1.124733,1.125113,1.124606,1.125113,1.124859,1.125113,1.124606,1.125113,changed
2026-10-01 23:00:00+00:00,2026-10-07T08:12:08Z,1.124859,1.125113,1.124606,1.125113,1.124733,1.125113,1.124606,1.125113,changed
2026-10-01 23:00:00+00:00,2026-10-07T08:50:45Z,1.124733,1.125113,1.124606,1.125113,1.124859,1.125113,1.124606,1.125113,changed
2026-10-01 23:00:00+00:00,2026-10-07T09:11:35Z,1.124859,1.125113,1.124606,1.125113,1.124733,1.125113,1.124606,1.125113,changed
2026-10-01 23:00:00+00:00,2026-10-07T10:02:36Z,1.124733,1.125113,1.124606,1.125113,1.124859,1.125113,1.124606,1.125113,changed
2026-10-01 23:00:00+00:00,2026-10-07T10:34:42Z,1.124859,1.125113,1.124606,1.125113,1.124733,1.125113,1.124606,1.125113,changed
2026-10-01 23:00:00+00:00,2026-10-07T12:38:33Z,1.124733,1.125113,1.124606,1.125113,1.124859,1.125113,1.124606,1.125113,changed
2026-10-01 23:00:00+00:00,2026-10-07T13:04:03Z,1.124859,1.125113,1.124606,1.125113,1.124733,1.125113,1.124606,1.125113,changed
2026-10-01 23:00:00+00:00,2026-10-07T13:33:25Z,1.124733,1.125113,1.124606,1.125113,1.124859,1.125113,1.124606,1.125113,changed
2026-10-01 23:00:00+00:00,2026-10-07T20:07:44Z,1.124859,1.125113,1.124606,1.125113,1.124733,1.125113,1.124606,1.125113,changed
2026-10-01 23:00:00+00:00,2026-10-08T11:43:20Z,1.124733,1.125113,1.124606,1.125113,1.124859,1.125113,1.124606,1.125113,changed
2026-10-01 23:00:00+00:00,2026-10-08T12:03:30Z,1.124859,1.125113,1.124606,1.125113,1.124733,1.125113,1.124606,1.125113,changed
2026-10-01 23:00:00+00:00,2026-10-08T12:45:53Z,1.124733,1.125113,1.124606,1.125113,1.124859,1.125113,1.124606,1.125113,changed
2026-10-01 23:00:00+00:00,2026-10-08T12:49:23Z,1.124859,1.125113,1.124606,1.125113,1.124733,1.125113,1.124606,1.125113,changed
2026-10-01 23:00:00+00:00,2026-10-08T13:01:09Z,1.124733,1.125113,1.124606,1.125113,1.124859,1.125113,1.124606,1.125113,changed
2026-10-01 23:00:00+00:00,2026-10-08T13:48:41Z,1.124859,1.125113,1.124606,1.125113,1.124733,1.125113,1.124606,1.125113,changed
2026-10-01 23:00:00+00:00,2026-10-08T14:49:41Z,1.124733,1.125113,1.124606,1.125113,1.124859,1.125113,1.124606,1.125113,changed
2026-10-01 23:00:00+00:00,2026-10-08T15:04:28Z,1.124859,1.125113,1.124606,1.125113,1.124733,1.125113,1.124606,1.125113,changed
2026-10-01 23:00:00+00:00,2026-10-08T15:19:12Z,1.124733,1.125113,1.124606,1.125113,1.124859,1.125113,1.124606,1.125113,changed
2026-10-01 23:00:00+00:00,2026-10-08T15:34:26Z,1.124859,1.125113,1.124606,1.125113,1.124733,1.125113,1.124606,1.125113,changed
2026-10-01 23:00:00+00:00,2026-10-08T16:05:19Z,1.124733,1.125113,1.124606,1.125113,1.124859,1.125113,1.124606,1.125113,changed
2026-10-01 23:00:00+00:00,2026-10-08T16:19:34Z,1.124859,1.125113,1.124606,1.125113,1.124733,1.125113,1.124606,1.125113,changed
2026-10-01 23:00:00+00:00,2026-10-08T16:34:47Z,1.124733,1.125113,1.124606,1.125113,1.124859,1.125113,1.124606,1.125113,changed
2026-10-01 23:00:00+00:00,2026-10-08T16:49:35Z,1.124859,1.125113,1.124606,1.125113,1.124733,1.125113,1.124606,1.125113,changed
2026-10-01 23:00:00+00:00,2026-10-08T17:05:23Z,1.124733,1.125113,1.124606,1.125113,1.124859,1.125113,1.124606,1.125113,changed
2026-10-01 23:00:00+00:00,2026-10-08T17:49:28Z,1.124859,1.125113,1.124606,1.125113,1.124733,1.125113,1.124606,1.125113,changed
